feature,importance_mean,importance_std
sofa_resp,0.10496768079273372,0.0007148417711751573
current_sofa,0.046157180466232836,0.00036257022828280395
lactate_last,0.0438641927618921,0.0005017911447524328
sofa_cns,0.021930023892295966,0.0002940611078703386
creatinine_last,0.014734642975585258,8.042047696760767e-05
temp_max,0.006192527253648536,0.00010332301332146539
sofa_renal,0.006180069419923745,0.00015738885865876242
mbp_min,0.004394094817861349,7.168354150764146e-05
sofa_cardio,0.0041239180195448005,9.184103276825089e-05
sbp_std,0.003778919258054625,0.0001093823059073406
spo2_mean,0.003391981332673197,2.8581946054257323e-05
wbc_last,0.0021486545166329724,7.057854840918533e-05
mbp_std,0.0016394581668559977,7.50582439733959e-05
platelets_last,0.001247435891732221,4.6918911147193685e-05
temp_std,0.0012370935067166494,4.0120265414628266e-05
